,predictions
0,2.298032759058441
1,1.855527425166335
2,1.960134230949026
3,2.156917468119932
4,1.880581855391848
5,2.2592991470009745
6,1.873109916144882
7,1.9420402154716752
8,2.1199786485753735
9,2.1370015519457746
10,2.161761772018354
11,2.1519885945749615
12,1.887794450097837
13,2.625072114861061
14,2.0240172980474402
15,1.8533139575900857
16,1.8608297874847515
17,1.9963592360365587
18,1.8801028290940245
19,2.087690353074866
20,1.9523056322208014
21,2.1377729221642094
22,2.975665499104615
23,1.9903117793082297
24,1.9108848450474962
25,2.2317159370656046
26,2.537459871982976
27,1.8799238330705375
28,1.972395191600215
29,1.9893830300243305
30,2.1701028350576936
31,2.2650820259386255
32,1.9985827644827805
33,2.114560376745515
34,1.830457548851339
35,2.155878453229125
36,1.9123743538738305
37,2.064670622028701
38,2.255519843393779
39,1.9354976381936342
40,1.8556491377045266
41,2.0111946404757224
42,2.042181189411768
43,1.8382999656824648
44,1.8645361504946811
45,1.8640509050285046
46,2.347530234164348
47,2.3913443852471348
48,2.0445288046616037
49,2.2043695537014916
50,1.8870529176847963
51,1.8577383540696881
52,1.8484166905497799
53,2.282030013008518
54,1.9466696442666578
55,2.622433077122312
56,2.377490451443464
57,2.8390652460302297
58,1.9712988905169633
59,2.0310896800560703
60,2.073457879390982
61,1.7198948540293002
62,2.3530318003828077
63,2.049594657260874
64,1.8731168527919437
65,1.872600569431866
66,1.8774536995630098
67,1.8607350595710561
68,2.3338740990944875
69,1.8736018867222426
70,1.8883384481391623
71,1.9912249202593357
72,1.6524045107566847
73,1.8446583892362063
74,2.1926721915178047
75,1.8483107149098537
76,1.9388059084535234
77,1.8784120361267602
78,1.983523020697017
79,1.8516444231631417
80,2.180616439203793
81,1.919354452057263
82,2.319848018481595
83,2.3293511991966014
84,2.1731302469720744
85,2.3510591286168454
86,2.063082071090067
87,1.9549103829546297
88,1.945625951450857
89,1.87388179191071
90,1.6938991996431971
91,1.8534236745535142
92,1.8770032294484489
93,2.047158082102258
94,2.2678391368273445
95,1.968633741318728
96,1.8019394241461213
97,2.4874702093824763
98,1.98262176093657
99,1.9737554192524152
100,5.773574443663773
101,3.1791601857099434
102,2.1529762561619563
103,2.014899397028706
104,1.9887454116996928
105,2.5924385685521307
106,2.434888167458347
107,1.8720834181361243
108,2.1804099457093757
109,1.9349927941614182
110,2.393517408417397
111,1.9083071723949272
112,2.0295955307254916
113,2.0362999948480605
114,1.8080638146498695
115,1.9574628429395282
116,2.883403893083095
117,2.3861417157694547
118,1.9391956099460845
119,1.911865459459807
120,1.878354744957949
121,2.4823686879087905
122,1.875312844778843
123,2.0597651580020266
124,1.905597300820796
125,2.5942147548499013
126,1.933731479584242
127,1.8937349731764632
128,2.3705595220287226
129,1.993817502826274
130,5.530563948402481
131,1.9294923846885186
132,2.6456206065691497
133,1.9827298481662514
134,2.848512571738879
135,3.2079207944751174
136,1.947300919511758
137,1.954831859228522
138,3.176744066906708
139,1.8730327462176353
140,2.199416417092423
141,2.266937205288014
142,2.046506581178683
143,1.980328712709876
144,2.0880048538686076
145,1.8674965177380085
146,1.9045233484413924
147,1.9113468358693786
148,2.132675053820571
149,2.4700846699546144
150,1.8433780451448563
151,1.9004130100106522
152,1.8436977645305368
153,2.130733471588928
154,1.876033764392202
155,1.7706974176445045
156,1.8472071508790098
157,1.851170678848157
158,6.071207571143967
159,4.0925476853588805
160,1.8954183016728265
161,2.1126342631843946
162,1.8425090535043476
163,2.1966701922369185
164,2.5570735865105885
165,1.9668680142024144
166,2.031657273836921
167,1.9417951073384683
168,2.0067643546768252
169,1.9545941119446986
170,2.040633848624098
171,1.8706568869493279
172,2.1518793181228664
173,1.8715315004417903
174,1.8490627878112105
175,2.23923304449361
176,2.2694453405080655
177,2.3273635849612386
178,2.089437979200321
179,2.063239512400723
180,1.954373443662677
181,1.9713316025109455
182,1.8631653054802932
183,1.8913458042391178
184,1.859972874561498
185,1.8909678081833912
186,2.684102572482045
187,1.9199972714067728
188,1.7514684304638863
189,2.2170956839275004
190,1.8681777377408424
191,1.9729726106759182
192,1.8576948501933988
193,1.846056730537208
194,1.7580541279242294
195,1.8950687716028205
196,1.9621414925278695
197,1.8455415589764976
198,1.8452330764223843
199,2.0233416730767235
200,2.1059394121772526
201,2.056117628300307
202,1.7953990368398312
203,1.9951623199332569
204,2.2342199751004275
205,1.8483330678868835
206,2.429921566352221
207,2.1602244092243534
208,2.042776058588994
209,1.8590082245806794
210,2.1115490034821196
211,2.0536282290414754
212,1.9691029171604866
213,2.101602636258555
214,2.271967094058083
215,2.042687134872605
216,1.9116975604546593
217,2.2476756707330017
218,1.8094807987170838
219,2.160219887666119
220,2.0225679189224945
221,2.4170911960532955
222,1.939143575088796
223,1.7343619150342096
224,2.119537551332695
225,1.8561260386226484
226,1.8422860535681593
227,2.0602807717031517
228,2.17975354547766
229,2.1504295103152318
230,2.121575176897414
231,2.0031521137037416
232,2.3035862118437334
233,1.9132605484891503
234,2.2485353243851045
235,3.867202805936206
236,2.1671126424833487
237,2.2589662683164478
238,1.9264480720064954
239,1.720323762797335
240,1.88133561209722
241,1.9220126624243303
242,1.8538683408441288
243,2.1109159821283714
244,1.9845648724412994
245,1.9101713609694309
246,1.861171193228949
247,1.8581719660771614
248,2.0756420212014275
249,2.336256820694425
250,1.9338940672252782
251,1.6958521909002808
252,2.3233977977575764
253,16.06609329149804
254,1.9435886428428173
255,1.947756807727707
256,1.9704815916821645
257,2.1524615733299224
258,2.0673420159346274
259,2.1910770346314874
260,1.878643041474531
261,1.8586413408376874
262,1.9213119057980157
263,1.983582061132709
264,2.7372353565906336
265,1.9160029582339142
266,1.9810306410653271
267,2.210290780950163
268,1.8429732673799668
269,2.26963406914001
270,1.9486408843739391
271,2.2776712110296726
272,1.9952459410989705
273,1.9802947630363845
274,1.9863226289253402
275,1.916222104480513
276,2.0927736722986205
277,1.8462824890365686
278,1.9843194215996411
279,2.358238260577046
280,2.126429831803999
281,2.3165854522341625
282,1.8913608059255298
283,1.99384399356643
284,2.250109799235568
285,1.961974330679585
286,1.847181202679511
287,1.8527843374533306
288,1.8532070135291177
289,1.99367586500354
290,1.9859234848798808
291,2.9992617960461083
292,1.6711074064939535
293,1.991936317041096
294,1.8534999730719153
295,2.109786046671054
296,2.1605366598194182
297,2.1437518347350473
298,2.5269593814207596
299,1.8977162521570112
300,2.2161689846341597
301,2.0347581208566607
302,1.8072614290058344
303,1.9387870142562114
304,2.1498062605262906
305,2.060158734923991
306,1.9695500979032246
307,2.008832374082843
308,2.1701830221135268
309,1.9001178536128358
310,1.9469334471328716
311,1.9799666375912728
312,1.8871002439553572
313,1.871079784459539
314,2.0303003903208148
315,2.2455485672890947
316,1.864573029502798
317,1.8807101153150239
318,1.8939269253885325
319,2.1552267059375154
320,2.0481996702504803
321,1.9940369734936114
322,5.870952491096771
323,2.553762011889718
324,1.9003940191561042
325,2.018806532520157
326,1.8655543689466971
327,2.0997514028789492
328,2.6106196200319416
329,2.0207399284500998
330,1.9664400446052357
331,1.8709967227286737
332,1.8564396555003375
333,1.6758913143538265
334,4.498580804150289
335,2.3417805123639504
336,1.951994084295562
337,1.8716618979802508
338,1.8703943048550482
339,2.037060513050115
340,3.726386375150012
341,3.4116182367758285
342,2.3041466385079152
343,2.218279399924201
344,1.8916127434130423
345,2.159679226010837
346,1.8590354037911478
347,1.9555117850045654
348,1.8470833948388314
349,1.8916333684552387
350,1.9639700884165632
351,1.8668530403801409
352,1.8943772270739787
353,1.9876704662166838
354,1.932223741564902
355,1.9275283209107978
356,1.9006051309683003
357,2.0643263714119735
358,2.2694150153983124
359,2.0676601820796074
360,1.8824926152677732
361,1.913179166627361
362,1.9539515370005738
363,1.8728343333268667
364,1.8148736037438684
365,1.4998581043879597
366,1.9105964723256244
367,1.8844575864978348
368,2.20195277728225
369,1.930694855558928
370,1.8552871810094018
371,2.276229542638002
372,1.9941524300251354
373,1.6753896183894477
374,1.9709259241410142
375,2.1802290030548592
376,2.0981259009077005
377,2.6252255211529536
378,3.4381127136415213
379,1.9143249995262754
380,3.6151864605832085
381,2.0345916840081912
382,1.8536124175802462
383,1.6948888023110573
384,2.001549388854627
385,1.8334628419097845
386,1.922754195650915
387,2.181691338468782
388,1.8312804482269947
389,2.033143455782611
390,2.1072493055777564
391,1.8949654288017257
392,1.9210648948111444
393,1.9427580270565907
394,1.9807908992603178
395,2.241690607751188
396,2.621908721966321
397,1.7160726082287299
398,1.95406081690664
399,2.3766691984083224
400,2.372797176712525
401,1.9068661371542435
402,1.9985261566775376
403,2.567529237536764
404,2.004640068496327
405,2.237151195061012
406,1.865006262060752
407,1.937974613601086
408,2.1537350546247325
409,1.8827152295367489
410,1.7793027489127233
411,2.1801552700125595
412,2.2801982357901904
413,1.9497712560816423
414,2.1471467017339037
415,1.8578761878976473
416,1.8685114852102085
417,1.9006432268605917
418,2.76829121544793
419,2.0453897482922896
420,1.904123842343891
421,2.5227384415167
422,1.9824207442879127
423,1.9186447952750183
424,2.083705787252368
425,1.8698134908140136
426,1.9518755617444883
427,2.217421970643848
428,1.8495097143863257
429,1.9238410911648642
430,1.995060745876277
431,2.1554888184020284
432,1.9251824971210518
433,2.404959432090146
434,1.9112492820794458
435,1.9615522787249708
436,1.917659479800704
437,1.9209073797320824
438,1.9238242088378394
439,2.015325493692754
440,1.7011278785300643
441,1.8877034077673875
442,1.8929682656981317
443,1.895349839247112
444,2.3420226721606388
445,1.843577508715736
446,1.9482326946154307
447,2.0006030173196363
448,3.980746010809806
449,1.847372336599965
450,1.8220336442533247
451,2.583511140237285
452,3.1031330307587437
453,2.1401953693575644
454,1.8383350891573602
455,1.8227947970408152
456,1.879401331938094
457,2.483132260408997
458,2.060888421459701
459,1.8608357314018469
460,2.0510641075503218
461,2.229898455586345
462,2.791789029157587
463,2.124465907127157
464,1.9250801599930547
465,1.8383077845832627
466,1.981944834181696
467,1.9253949894477826
468,1.9923268188672578
469,1.863707213935467
470,2.264450638132155
471,2.5775116709225165
472,1.8681398551549764
473,2.297373245605016
474,2.057178695739339
475,2.07421370622278
476,1.8750695029710926
477,2.0475110123564098
478,1.908475217790106
479,1.9123517079928232
480,1.9369624835930166
481,2.0067994426317037
482,2.073368526814405
483,3.5309644032097967
484,1.8844741134866918
485,2.0388084495047485
486,1.941131719430818
487,1.9352992752700398
488,1.9049807722203222
489,1.73825581569668
490,2.02717563105971
491,1.8437382799663231
492,2.5696239130762315
493,1.9326328094403455
494,2.2044016754643927
495,2.8940856790920924
496,2.4691520076097846
497,2.1233292624031663
498,2.0117828137790466
499,1.8308149676127854
500,1.9348779764085737
501,1.9025650183751748
502,1.851930666736775
503,3.9108084957732645
504,2.110644519323708
505,1.744775650974776
506,2.1249934381936826
507,1.9585055142988188
508,2.0589065852050137
509,1.8807850632600744
510,1.8495365325563031
511,2.1080955451734136
512,2.5358504161277025
513,1.895447092657
514,2.02714547707708
515,2.3173120309807738
516,1.685690524731105
517,2.0254538223270115
518,1.8917352786153483
519,2.0789926368334344
520,1.8527493542649531
521,2.036923045674894
522,1.8821873317105982
523,1.9594267196668014
524,1.8567569257833632
525,2.1302422181602054
526,1.8525296176043935
527,1.8899004836499476
528,1.90555658676439
529,2.043758922480543
530,1.9775998412344142
531,1.8565515158809427
532,1.9528078441233592
533,2.1179308277303543
534,1.9878394996476234
535,1.8423649731359257
536,1.913252295237315
537,2.122418314248752
538,1.67188158635132
539,1.8427850953503102
540,1.917441074852256
541,2.110204696892395
542,1.8766995127371817
543,1.6535991941876838
544,1.9809485520534786
545,3.166949199902569
546,2.130672570941009
547,1.986229549557964
548,2.8259819062565645
549,2.153926041280381
550,1.9668183022532018
551,1.9796076276107695
552,2.042038298964756
553,2.1414762986280276
554,2.100102343095326
555,2.0253616755266344
556,2.0784888009803892
557,2.0131622019693136
558,1.8721059089411125
559,3.1796027959862387
560,1.960628997705058
561,1.936752612959718
562,2.0695234303763868
563,1.8454141795913084
564,2.1839597747430735
565,2.0620703976189763
566,1.8597379978667195
567,2.0256020754344135
568,1.8552126762200234
569,2.2826063918461754
570,2.125521396331074
571,2.01027458525025
572,2.057119051966877
573,1.8655887459579985
574,1.8415793765695958
575,1.9702578405211513
576,2.127525120812293
577,1.8647928922746235
578,1.7543521483893896
579,1.9427557110471856
580,2.2058464071820216
581,2.0701808054220234
582,2.3005766179715317
583,2.1512860555933813
584,1.8511729764508247
585,2.309290239812725
586,1.929265919944053
587,2.1597739884381864
588,1.9698516833103046
589,1.837890486858576
590,2.1647902145638755
591,1.904624697859559
592,1.9882864638786621
593,2.209757863426696
594,3.8306217789333132
595,2.1899225731075473
596,4.820577112900543
597,1.947146108193623
598,1.8565495732242758
599,1.8700185302233214
600,1.9554359850452943
601,1.8568629207873222
602,2.0289746544756877
603,1.8746331068471407
604,3.1583044034868735
605,1.8876571151706343
606,1.916211222614867
607,1.6506582080002103
608,1.8976897208342627
609,16.603221643872917
610,1.655574211361921
611,1.96690870824232
612,6.776977180446825
613,2.553921402626013
614,2.1136166396271774
615,1.6826935752678596
616,1.8560983747572806
617,2.123236551991802
618,3.5614187199658303
619,2.1412650974882106
620,3.4340328043400508
621,1.878477964076354
622,2.9251375261884953
623,1.8665980599070346
624,2.022553768245139
625,2.7742373041656068
626,1.7670082509574332
627,1.85674506754577
628,2.150633227157055
629,1.9648563705952768
630,2.0204274064866823
631,2.09818612487842
632,1.8157011190435215
633,2.2006964767501778
634,2.092400247979774
635,1.7232514494361755
636,1.9244769398296588
637,1.845937451613645
638,1.9334017220768744
639,2.7491884608705
640,2.107850269856961
641,1.8783951164052457
642,2.239797155067963
643,2.642930693007001
644,1.9887360779313534
645,1.8712457990389249
646,2.1085112287300793
647,1.8582380666765084
648,1.9358640199039028
649,1.9926943399996122
650,1.8550475510708326
651,3.169832014264609
652,2.094079842720055
653,2.4230270475598887
654,2.206312741341458
655,2.1012604877670515
656,1.9893637055941173
657,1.8493980398001602
658,3.1991861079323156
659,2.2378078082196105
660,1.9224836660846747
661,2.020367853393451
662,1.9303334090864057
663,1.9975171600793555
664,1.9057050262905917
665,1.8501301694283394
666,2.122802239091817
667,1.8475120957389668
668,1.8509722481534663
669,2.0072611437792727
670,8.048870470243298
671,1.8509456442243306
672,1.9108719539762624
673,2.448081388152999
674,1.8589392419969042
675,1.878310258293222
676,2.1478032849118733
677,1.8570687296936763
678,2.055293547270434
679,1.995350439258409
680,2.157757655549387
681,1.8838809028692562
682,2.0605125999968403
683,2.116337918058859
684,1.928474100847588
685,2.5819160977231266
686,2.572932944395033
687,1.8416277145527848
688,2.7278479309046264
689,2.4421152457222273
690,1.8729355117932194
691,1.8727324181351328
692,2.023633992622541
693,1.9528227718477318
694,1.8454262743403147
695,3.1327418789275034
696,1.8624158400552862
697,1.8308303741297087
698,2.2741632701008
699,1.9072434956843876
700,1.8425162972602598
701,1.8573854667445548
702,1.9688997728785662
703,1.8512968970233916
704,1.8516864628866294
705,2.090903776117873
706,2.0917191616182627
707,1.8013538012409414
708,1.781188978848546
709,2.052191105515055
710,4.684997255286154
711,2.1640610465841
712,2.112908111514952
713,2.000920683895751
714,1.9423347309773722
715,2.166117786616839
716,2.7992917255459324
717,2.0922621073143826
718,1.9316600626789728
719,1.982928962835162
720,2.4418266144608562
721,2.1510909997508074
722,1.9038075867272415
723,2.0574782115520733
724,1.8786979717515728
725,1.9323045644106789
726,2.262143888996972
727,1.9021460577879106
728,1.9490571744441305
729,2.174770794326581
730,2.0893846215847782
731,2.3708488404034513
732,2.0704349982541266
733,1.939400551001281
734,1.7252122711209017
735,1.9605827866366001
736,2.074666934531814
737,1.8736026082716526
738,1.8723457699767558
739,1.9480443930016866
740,2.027548687662125
741,1.9527750440603244
742,1.9560130306483363
743,2.112319821890644
744,2.0062199137965204
745,1.7720629336220526
746,1.9171606189725519
747,2.076680570391321
748,1.9480281806630682
749,1.9082137034771114
750,1.7245137125759742
751,1.8755927926867324
752,1.8844369702254467
753,1.6965170634769589
754,2.962347589828001
755,3.650938254806026
756,1.8895931008472893
757,1.6034769133961868
758,2.0678796961258756
759,1.9100027522268679
760,4.74131000804913
761,2.1703723189196764
762,1.9292908202758037
763,1.934032167510337
764,1.918603853557944
765,2.317950607361069
766,1.8983173533401634
767,1.9845985590595345
768,1.9559984987196772
769,2.089593878428786
770,2.2260800241004333
771,2.138222736418884
772,1.8851795368176059
773,2.100283978348134
774,2.036364263979607
775,2.4206101179343587
776,1.8715298509052167
777,1.8486111397273013
778,1.8941252124894778
779,1.8592850771538396
780,1.8627771826198902
781,2.051995648597889
782,2.057285346468647
783,1.903246809924854
784,2.08803461585149
785,2.078413888073438
786,1.8891225377681171
787,1.904367307700075
788,1.8506633791257632
789,1.8517500386514714
790,2.655529708167419
791,1.950384000697867
792,1.9075140703009001
793,1.920535073088871
794,2.052807959950658
795,1.8881517671357497
796,2.2182072441154315
797,1.8717663431078146
798,2.0811905925163714
799,1.8441868533592802
800,2.152731828744425
801,2.2120408007681966
802,2.1097634471513214
803,1.8606728206227616
804,1.912529173740163
805,1.9136723189413576
806,1.907412800841899
807,2.5966030763818626
808,1.9691393757472586
809,1.9811078610565473
810,1.831565464922046
811,1.9780574802467257
812,2.1343789371960993
813,1.895662465087919
814,2.0447261878371497
815,1.85164560679978
816,2.048341537350193
817,2.093076110460135
818,2.076274460396391
819,1.971171204641788
820,2.0788969557447547
821,1.8690766234256584
822,2.1139904417874624
823,1.9356968487184891
824,2.012308700663845
825,2.1229868082823593
826,2.009408629611305
827,2.1794098187401483
828,1.954100336320327
829,2.0231919092057717
830,1.9488475843524988
831,2.0816083108625993
832,1.94046368719477
833,2.052616794593931
834,2.842902235803008
835,1.9024587786346898
836,2.305155051917326
837,1.9232732486600992
838,1.9612553117151712
839,1.8615188486592467
840,2.001227698304303
841,1.9940335575560146
842,2.2507736051281158
843,3.6269355103943015
844,2.2335108190454953
845,1.8094871954660054
846,2.3134223456806184
847,1.9963909019336334
848,1.9954292058335024
849,1.86044815211133
850,2.0084976004814568
851,2.045925456660785
852,3.2871702779158984
853,2.9719631318110675
854,1.8564467870913717
855,1.9701650166720623
856,3.711227943055716
857,2.332852576471581
858,1.8548640095277007
859,1.9002510529583583
860,1.963903395395415
861,1.9374383481480368
862,2.0678768808738273
863,2.795324861485247
864,1.912945139048206
865,1.8664259784731423
866,2.256232760176802
867,2.94974831447052
868,3.2956690252743845
869,2.0509866531990877
870,2.020054506473164
871,1.9458063141558957
872,1.8573621819576291
873,3.15824682061573
874,2.23900331263923
875,1.911218215019717
876,1.8708960087565163
877,1.8900623087357307
878,2.089823950015404
879,2.175534325357463
880,2.3034199409151066
881,1.8534003896204156
882,2.1347189063091716
883,2.038088886619195
884,1.8655746575136374
885,2.104846125025802
886,1.9596124242704773
887,1.9355620738042763
888,1.6209291008190512
889,2.2971133545395945
890,1.7697684877808322
891,2.0498812227782013
892,1.8794880374386715
893,2.106190202791569
894,1.8312023372828743
895,1.8592820446402698
896,2.1687553496955188
897,2.0720008195399453
898,1.8499886263376961
899,4.291865083293888
900,2.0289881980188027
901,2.3787155922268823
902,2.1253101099447056
903,1.902024829414765
904,2.012366078227111
905,4.543510475485341
906,1.920014049291699
907,2.457278361840655
908,2.256072669747274
909,3.276247981534695
910,1.9534691650962266
911,1.9968717867011267
912,1.9687889547693405
913,2.013919370463774
914,1.881787041297925
915,2.615551387057006
916,1.89403910074609
917,2.2210563945808532
918,1.9634212545449126
919,2.1709461633907825
920,1.8661427771481534
921,1.7632154649500007
922,1.9363695775204772
923,1.962701537892829
924,1.6661701124676407
925,1.9703592959590548
926,1.798045156502067
927,2.0566139059875206
928,1.8409422583034667
929,1.9366662278998688
930,1.973889053559549
931,2.2433238145732273
932,1.8727768205498576
933,2.1649490737587684
934,3.535438221911981
935,2.055237222374316
936,1.8501647914080133
937,2.020286656029608
938,1.9417276969554695
939,1.8937293569041547
940,1.982313814274081
941,2.263838487804885
942,1.8121851251393373
943,1.8657987898011745
944,3.773469819004602
945,1.891310872752677
946,1.9950228781740433
947,1.893197663830478
948,1.9074258388231107
949,3.7905842451274863
950,2.4152390817740503
951,2.1972626805467903
952,1.8617448373082213
953,2.331324452373566
954,1.8918985438558449
955,2.756352665700237
956,2.91962479345381
957,2.116218360170539
958,1.9314002915262736
959,2.088834358770501
960,1.9320454718913522
961,1.9106691108417149
962,1.903122769706317
963,2.4921989818244006
964,2.0336861605359586
965,1.9359754250825327
966,1.9951741701983787
967,3.4211972082806996
968,2.0298812572703584
969,2.1205009719529424
970,1.8593955925515684
971,1.8848314640500297
972,1.9712802702087875
973,2.0521553653029176
974,1.8771483191968155
975,1.9085913093886682
976,2.646677917793571
977,1.9596244858616172
978,1.8721871757065633
979,1.8823912645504142
980,1.8710910556988112
981,1.8349364114675202
982,2.452645732315408
983,1.9668302537028048
984,1.857627490290589
985,1.9894679381140743
986,2.086190498746397
987,2.314957795800238
988,2.097163807972806
989,1.9328739311533578
990,2.8729749454004474
991,1.8659997573274385
992,1.9532043249244415
993,1.9555208692864499
994,2.0129734410033713
995,7.216414466485576
996,1.9681268691432905
997,1.9599554479106285
998,2.045959119530857
999,1.87438870518619
1000,2.254388473255308
1001,1.9058346792687613
1002,1.892724683887427
1003,2.0753834882164854
1004,2.2787179076563944
1005,1.974273982914854
1006,1.9902192677490078
1007,1.8981221752333686
1008,2.025218953143109
1009,1.8987325345934445
1010,2.058522416752695
1011,1.8980335484916002
1012,2.289543507223838
1013,1.9217651794875978
1014,1.9253372225416043
1015,2.0902496561586634
1016,2.338955749991297
1017,2.1437037404156967
1018,2.1182938776264915
1019,1.927395419134509
1020,2.039979856946583
1021,2.132436506904712
1022,2.29955489950396
1023,1.9050897959805204
1024,2.0540295905764174
1025,1.892652579552354
1026,2.159282800795296
1027,1.9341604367345089
1028,1.7982332699576322
1029,2.2392341642293387
1030,2.25134964791295
1031,1.9350135271101734
1032,1.9983697703744192
1033,1.6843070556297717
1034,1.8888381317921326
1035,12.227059384520816
1036,1.8611508264801087
1037,1.8927507682081504
1038,2.524628220407142
1039,1.868172124275417
1040,2.1981623263937466
1041,1.8505724780001858
1042,1.873921391065113
1043,1.8863465409282245
1044,1.9256949129293877
1045,1.9010157022608984
1046,1.9001062138384914
1047,1.656424315416574
1048,1.9887293379312616
1049,6.495880558019824
1050,1.981693109716445
1051,1.9339978835513278
1052,2.3728759811694964
1053,2.7005765121333143
1054,2.084254696689904
1055,1.8967739231434702
1056,2.022384831973816
1057,1.8040730462581873
1058,2.445814357334707
1059,2.3601943102136898
1060,1.92984068638296
1061,2.0783847826111916
1062,1.8307226982274831
1063,2.2167555000448598
1064,3.3858643859438073
1065,1.8540029529430269
1066,1.8121426487381518
1067,1.8513970712859935
1068,2.152302858580082
1069,1.906526653317043
1070,1.9006774229923997
1071,2.6298459642736756
1072,2.0245010287264256
1073,1.8548903247788178
1074,1.816204414802237
1075,2.0934534570509067
1076,4.569827739542982
1077,2.0247806428760766
1078,2.0269167360935945
1079,2.180622763329527
1080,1.8262877139317215
1081,2.0874153561560638
1082,2.058205686253468
1083,1.8559399340075258
1084,1.8980156340438312
1085,1.888440609694708
1086,2.214336797963631
1087,2.0019936828126133
1088,1.9163589203846616
1089,3.1223408865207265
1090,2.2731344199001207
1091,1.9856450119295932
1092,2.367911375493022
1093,1.8712317920507788
1094,1.936527878404768
1095,1.86997660474254
1096,1.953240956284218
1097,1.9187518580681644
1098,3.348859016489109
1099,2.3185542921950555
1100,2.3493237231562576
1101,2.002347827975036
1102,2.2618166240764763
1103,2.3069730494112384
1104,1.93696693634524
1105,2.0106170621081176
1106,1.8247384428260212
1107,2.1135426681515717
1108,1.8520976042975525
1109,2.2057460486645333
1110,2.203976288373735
1111,2.197832415834799
1112,1.862625774232216
1113,1.9119110783287976
1114,2.0579139119891114
1115,3.284729167875797
1116,2.0227234844970656
1117,1.967745473342566
1118,1.8912079625911797
1119,2.721915946476946
1120,1.9919927143754785
1121,2.0755746003185935
1122,1.8873824168514473
1123,2.0149761710384824
1124,1.8638391591999899
1125,1.9014481759683202
1126,2.360410836342615
1127,1.8578901953805023
1128,2.0409666244162925
1129,1.9888537906324268
1130,2.1016001883504702
1131,1.9056240057297764
1132,1.698822958240104
1133,2.1508499594823234
1134,2.6005432211592905
1135,2.1557295100756564
1136,3.8817715744140644
1137,2.03248870852926
1138,1.8889175643300518
1139,1.8790152158381743
1140,1.9678946892137223
1141,1.8664020345077141
1142,2.1620572968902856
1143,3.024218783424435
1144,2.6165565632257963
1145,2.0131433407905326
1146,2.0700435123950562
1147,1.8589373498020159
1148,1.972831422212836
1149,1.9668605857552626
1150,1.8442211155674584
1151,1.9685799361101695
1152,1.846714353722628
1153,1.8439892572613488
1154,1.934348204883066
1155,2.0118794815979495
1156,1.9060618519574875
1157,1.8548065979108208
1158,1.6514014417049476
1159,1.765293607188148
1160,2.5302596716134227
1161,1.936613740787819
1162,2.2180551952216923
1163,4.757288523148125
1164,1.9429593772970906
1165,2.099248258935851
1166,1.8382838942384523
1167,1.8558079158597915
1168,2.113106710833788
1169,1.8538908458207641
1170,2.255870993280221
1171,2.1178940814247706
1172,1.922253855442333
1173,2.135153241619476
1174,1.9006136312980768
1175,1.9407143814515435
1176,2.233034556204126
1177,1.8841958515939201
1178,1.9247237511706243
1179,1.850195267084373
1180,1.9265090523209878
1181,1.929075215869699
1182,2.0505650056651974
1183,2.11873601920367
1184,1.8340092298710062
1185,1.8516148998468032
1186,2.116515754957549
1187,1.8937605523844416
1188,7.469283252053247
1189,1.9816039933990293
1190,1.9830592425311069
1191,1.893399037973202
1192,1.8609025232447354
1193,2.1280688751029238
1194,2.070799021100349
1195,1.8502535965247504
1196,3.2432972743509745
1197,2.3913269960089556
1198,2.1499556925064534
1199,1.998454981640466
1200,1.7408712674278066
1201,1.8442914298671318
1202,4.024374988398291
1203,2.0354706367230677
1204,4.037501194761245
1205,2.076249571028005
1206,2.6089252942641816
1207,1.9619502689173558
1208,1.9313546274534366
1209,2.3351405797400036
1210,1.913311740459728
1211,1.9001766657133583
1212,1.9000840254986748
1213,1.9361968872819078
1214,2.0508192702622225
1215,2.191930478930196
1216,2.1169840054506075
1217,2.664903340972303
1218,2.1248100767985334
1219,1.9042031128901322
1220,2.236035168060114
1221,1.9450591751190718
1222,1.8529345198703684
1223,1.895115873082005
1224,1.759968909269319
1225,2.0177429415293133
1226,1.9175818534372233
1227,1.8584497936792688
1228,2.1160086464195
1229,1.8498889028784475
1230,3.566183015546562
1231,2.084540839155295
1232,1.8438378871523786
1233,1.913602036238666
1234,2.0909800984051414
1235,1.9964670022462756
1236,2.006908401705831
1237,2.0281691776797546
1238,1.858067996078443
1239,1.852907182916617
1240,2.1886561479650526
1241,2.119515716775645
1242,1.8454734196303009
1243,2.5589374978915265
1244,2.0038823195705913
1245,1.871882692637079
1246,2.112881306899741
1247,2.224884669826733
1248,2.3458943114149013
1249,1.9192078642902841
1250,1.9749144847757496
1251,1.90892213499185
1252,2.0112968015982284
1253,2.500011573978792
1254,1.841722410676656
1255,2.1665433658246998
1256,1.8538976342834066
1257,2.01022614800347
1258,1.7027163505809986
1259,1.903023240996165
1260,1.9034616558679285
1261,2.162317908794483
1262,1.969620560218427
1263,2.1411327578085295
1264,2.0970008777755407
1265,2.273827519261366
1266,1.9751070963848907
1267,1.7805326527473964
1268,1.8901054858425956
1269,1.9286349414571642
1270,1.9555077557256522
1271,2.097001258358925
1272,1.9386990798956956
1273,1.8635062418804411
1274,1.8646224445662347
1275,2.8809260426608074
1276,1.9819943742346906
1277,2.0634179165319777
1278,2.1305505241460247
1279,2.312326460412593
1280,2.2835011432195804
1281,2.155006867873749
1282,2.2294268570196
1283,2.226430483613991
1284,1.9155306020038023
1285,3.9068384414146435
1286,1.8165154295498005
1287,1.9984851427005816
1288,1.8454773422171353
1289,2.220853300645172
1290,1.9268099075309726
1291,3.497588493327352
1292,1.8985758790539935
1293,1.8417716266001687
1294,1.867929867807846
1295,1.9419788672126779
1296,2.0752844837234456
1297,1.9668302658398327
1298,1.8160774901151888
1299,2.062630236727523
1300,1.9111811784707244
1301,1.8929857165018995
1302,1.961218714730299
1303,1.8852229477427338
1304,2.2074272234387835
1305,2.0822025006318503
1306,3.9742922568796675
1307,1.9350952616414228
1308,1.8759241700801685
1309,2.0578059251886582
1310,2.212994843926521
1311,2.647901136828094
1312,1.9313409492202962
1313,1.7241277643221207
1314,1.9303302491529024
1315,1.961687718218953
1316,2.0106645012832587
1317,2.121993101777682
1318,2.1832290066248374
1319,2.3662692820111384
1320,2.1189823329271533
1321,3.1268508033474918
1322,1.9802836222986029
1323,1.8611910220060894
1324,2.1278128858621845
1325,1.8118341421699535
1326,1.8947541671327852
1327,2.007801328135356
1328,1.9586201996705315
1329,1.8587756984388903
1330,1.8603524280678152
1331,2.1553410001462865
1332,1.8952683899074738
1333,1.98169838912197
1334,2.0198714819882064
1335,1.907026819262946
1336,1.9884849774059852
1337,1.8932301164320098
1338,2.3557271938470135
1339,1.9159022018415297
1340,3.3168426049628756
1341,2.155061872566521
1342,1.9114542104346983
1343,2.085844201148629
1344,2.433095681544486
1345,1.9346832649241805
1346,2.093230015138276
1347,2.7618076751901173
1348,2.0184657112979245
1349,2.0217809068365935
1350,2.0494269090305695
1351,2.129085501053906
1352,2.1067473486798773
1353,2.1379769071669257
1354,2.2941710996900064
1355,2.384696086008627
1356,1.9776181407452686
1357,2.126853928425068
1358,1.9201322275095134
1359,3.1956708234236513
1360,1.973848526008359
1361,1.9235204390423153
1362,1.88069908948456
1363,2.2460272597313278
1364,1.8938939578888667
1365,2.038804106824009
1366,2.0073894159356325
1367,1.8581282282555531
1368,1.887555831938509
1369,2.154886190578887
1370,1.9770636339917769
1371,1.8839854169023211
1372,2.074084872826243
1373,2.2155699231805093
1374,1.8971373177090658
1375,1.8880213173229545
1376,2.475768352773808
1377,1.9405892617182077
1378,2.2553765013322087
1379,2.5648925644144205
1380,2.163160040581064
1381,2.0849032924769255
1382,2.218229047755359
1383,2.0417399347608187
1384,2.8451677482868027
1385,1.9196150133981331
1386,1.9686846225039527
1387,1.9417971259911047
1388,2.5871475805367483
1389,1.9898758605343185
1390,2.0364875028638068
1391,2.1516577230092815
1392,2.4216834792856843
1393,2.6196430766309873
1394,2.1303207939284796
1395,2.525222294671815
1396,2.730945840354437
1397,1.8439545231885042
1398,3.651505287273638
1399,2.0212175165604522
1400,1.8824329901289034
1401,2.2756435081142055
1402,1.9781570342968025
1403,1.9668224524782842
1404,1.8917961789422462
1405,2.9168177892217426
1406,1.9343863611774534
1407,1.8363364295114564
1408,1.8675430285537784
1409,2.148263287256278
1410,2.030208107977175
1411,1.8477609796028587
1412,1.9935955296360979
1413,2.1474397560635756
1414,1.9786737355879822
1415,2.389204480761274
1416,1.8587922023836456
1417,2.3816271223699834
1418,1.98581524644991
1419,1.5000108779355024
1420,1.8910894678768324
1421,1.9468327999142885
1422,1.8338868398361599
1423,1.8149686403231988
1424,1.866277180164738
1425,2.139840887034331
1426,1.7239778447950953
1427,1.9077846482617686
1428,2.0301950205697876
1429,1.8577215172325858
1430,1.8839455927783557
1431,1.9313256858373953
1432,2.1715231420389975
1433,1.8509920146393166
1434,1.8878881734708328
1435,1.9586427066466172
1436,2.00985122910797
1437,1.854398547723755
1438,1.8894160278221717
1439,2.9178018237146732
1440,2.327708740938335
1441,2.0862159957766417
1442,2.0293927466481594
1443,1.8750727422502815
1444,3.7125658906696852
1445,1.9511913347043037
1446,5.970812388930747
1447,2.6709830009687265
1448,2.5688000006151737
1449,2.015929295424065
1450,2.2623044157383494
1451,1.8696137030897502
1452,1.881979219054203
1453,1.8453870099051926
1454,1.8692231843858187
1455,1.9659889476962509
1456,1.974466003785556
1457,1.8513290775407019
1458,1.997717656620547
1459,2.0200476163820746
1460,1.9631829123307438
1461,1.9993559304592687
1462,2.0040032147065596
1463,2.0303769790286137
1464,1.9703616159459592
1465,1.8966342001693355
1466,2.2336394855703596
1467,2.0270245502630218
1468,1.8898890592849482
1469,1.8688418376171758
1470,1.918743716705476
1471,1.898102168221971
1472,2.1050286177572226
1473,1.8669428618644976
1474,1.8529164606324002
1475,2.3542807154425045
1476,2.0874782641788547
1477,2.218056981763805
1478,2.1212072110599376
1479,2.079843293656517
1480,1.9694963712568982
1481,1.97355330392635
1482,2.0158188660032157
1483,1.8911552906789404
1484,1.8071131425111697
1485,1.9515224372776159
1486,1.9212708881982312
1487,1.9573613330479847
1488,2.458414678488358
1489,1.9422168508991402
1490,2.4445225002742768
1491,1.891565050213345
1492,1.8902896988746387
1493,2.551116654723188
1494,3.286467066774699
1495,2.0526381611314672
1496,1.9197913390381731
1497,1.9535830445560234
1498,1.9579493839685513
1499,2.366773635531916
1500,1.9639353176286924
1501,2.080960485227994
1502,2.2834049381097503
1503,2.0075985051094554
1504,2.588999077143005
1505,1.9673723587213199
1506,4.302093276295562
1507,1.8882408918877125
1508,1.8865286978298919
1509,2.7889810872983865
1510,2.212100104558032
1511,1.890902042844812
1512,2.1372036789809137
1513,1.9405891094478287
1514,1.877878595355313
1515,2.010594384692797
1516,2.6537971559050204
1517,1.950607172891678
1518,1.8395672348767098
1519,1.853071417287349
1520,1.9376583698471967
1521,2.4820403649429075
1522,1.9462375099826326
1523,2.7889321972700793
1524,1.90626643310453
1525,1.9420977538644077
1526,3.653172092970364
1527,2.083580058939117
1528,1.8480320683609324
1529,1.907457396952064
1530,2.378069872019158
1531,2.0343857150607496
1532,1.8953451281883789
1533,1.9811742220968533
1534,1.9570737386481598
1535,1.8664521413342285
1536,1.929611050214037
1537,2.0768019560549273
1538,2.0353116892086534
1539,1.9471880763113123
1540,2.856784664869513
1541,2.3479112711265797
1542,2.115290682999226
1543,1.983868113361607
1544,1.9389165066686984
1545,2.027809981611933
1546,1.8982314254974786
1547,1.7033850502236523
1548,2.0698953553615844
1549,2.1775332100978337
1550,2.1177905121820104
1551,1.9672393772219339
1552,1.86421217262686
1553,1.9409954327202574
1554,1.838984157610743
1555,2.002162555914791
1556,1.7942197588896573
1557,2.1070648213614893
1558,1.8873490777593753
1559,1.611953870393851
1560,2.181615334359392
1561,1.9670452555692797
1562,1.8654586957576318
1563,1.987175150908127
1564,2.130516101285566
1565,1.970174019070384
1566,1.932613479851089
1567,1.8621587593942963
1568,1.9509690955871761
1569,1.869081278956307
1570,1.991239703028254
1571,1.8323551111709102
1572,1.9500969824568077
1573,1.8349313755254644
1574,2.158842025132021
1575,2.4091070930121945
1576,2.08435826221944
1577,2.9595089302473854
1578,2.647158031004292
1579,1.9603210955705492
1580,2.1943026118352478
1581,1.9470849582110166
1582,1.838617156387203
1583,1.9152450543284583
1584,1.849807208337443
1585,3.132151229127661
1586,2.03277259235726
1587,2.137815497261542
1588,1.9146974470414686
1589,1.8805760428375373
1590,1.8716055406350594
1591,2.077762970310967
1592,2.303031325695337
1593,2.213850769881579
1594,2.054598681029744
1595,2.0498423635442915
1596,1.982047527895396
1597,1.8487367285309566
1598,2.009081408087411
1599,1.8585097103821862
1600,1.8617432334620996
1601,1.898455924870592
1602,1.9951345123921733
1603,1.6872552500791103
1604,1.7760555838146317
1605,2.263885692667526
1606,2.654241544211389
1607,2.0627893173472702
1608,1.856123969620317
1609,1.980563246790688
1610,1.9394878503683013
1611,3.3274060635206206
1612,2.1399441931159284
1613,2.1264960778913222
1614,1.9347554344372622
1615,1.9920425453895212
1616,1.9911587022830533
1617,2.0865473671964394
1618,2.120291689126242
1619,1.9626876458073
1620,1.86006784927321
1621,2.1904866337333857
1622,1.8743007675449295
1623,1.9443263896639595
1624,2.0882138171359568
1625,1.8509233070531577
1626,2.2847244210949555
1627,2.0873230080520253
1628,1.898459864534893
1629,1.923573660707878
1630,2.115711151779084
1631,1.8764279850648553
1632,1.8806365445464288
1633,1.869632766962917
1634,1.859911428087142
1635,1.9712435734598035
1636,2.455570321180156
1637,2.0096065057731183
1638,1.9340309823966608
1639,1.8961501057427563
1640,3.393721718898735
1641,1.9002536043371756
1642,2.360499226618515
1643,1.876131684987925
1644,2.5566362727267316
1645,2.1864607760209855
1646,2.038279923687469
1647,2.3893152607666477
1648,2.4106068428518843
1649,1.9372028196438702
1650,1.968242351517734
1651,2.1521962690554313
1652,1.8630263217854268
1653,1.8762904366830333
1654,2.0606895056570393
1655,1.9461736950989619
1656,1.9143622570004775
1657,2.0116827627947456
1658,1.8566400465970885
1659,1.891170119077331
1660,1.8829957242706046
1661,2.90486091616955
1662,1.949052057469164
1663,1.8464161197263738
1664,1.8344615357370522
1665,1.9555893911821052
1666,2.2938072937967466
1667,2.2546410899640996
1668,3.625427376966268
1669,1.8876335702846272
1670,2.2956963788140077
1671,1.9234228411200365
1672,1.8664385185112706
1673,1.8602887850199892
1674,4.932974614518395
1675,1.8732927973717715
1676,1.9607195792671082
1677,1.8543262159292009
1678,1.8964133412071886
1679,1.872772674143007
1680,1.5424440182850878
1681,2.1699577550637024
1682,3.3368200212642156
1683,2.823523661739597
1684,1.9399780020019342
1685,2.103283334628366
1686,2.208460220558924
1687,1.8605958533933213
1688,2.060049233417163
1689,1.9941029957447038
1690,1.9878368173893661
1691,2.0637181006411947
1692,1.9675253747602763
1693,3.038819148609752
1694,2.1235423647449436
1695,2.0480980501049046
1696,1.8470016765192425
1697,2.468231735487499
1698,2.032137858573761
1699,2.384649992013757
1700,1.8389291137676886
1701,1.8465298639059038
1702,1.9662163449136871
1703,1.8971812023260015
1704,1.9593978420945173
1705,2.0622111971233337
1706,1.977264702597329
1707,2.312998656447343
1708,1.7920645656005718
1709,1.9930493729618437
1710,1.9524767091148791
1711,4.654084786776814
1712,1.878036013954791
1713,2.1759563011461585
1714,2.0084844270192166
1715,2.0373007375400745
1716,2.106679980859185
1717,1.861401340720045
1718,2.2258322203674528
1719,2.0973941531060643
1720,1.9427630033295333
1721,1.9497087281621057
1722,1.9330102375961515
1723,1.9894320430188905
1724,2.27536059061435
1725,1.8492590285295156
1726,1.9725092218983464
1727,2.2332930755011895
1728,1.9269750165053443
1729,1.8525742700635104
1730,1.9133249892550657
1731,1.8901952301943523
1732,1.7684874887641606
1733,1.853042458968044
1734,1.997063454604699
1735,1.8663730665011469
1736,1.8801088744811696
1737,1.9158186627789653
1738,2.0120470967614716
1739,2.83895459969132
1740,3.0371756925848366
1741,2.2404415273211016
1742,1.8657900965488579
1743,2.098673333504915
1744,2.1329698631368843
1745,1.8749649280844667
1746,1.6816409039923281
1747,1.9849689034060978
1748,1.939180754108229
1749,2.3726759030490556
1750,1.8706561211110047
1751,2.2894592489685053
1752,2.128347202022523
1753,1.7363554074155911
1754,1.9160629866551848
1755,1.9246580103595314
1756,1.9443418510284785
1757,1.9064959849338408
1758,2.0796829950016305
1759,1.8551996315226336
1760,1.8584902238635141
1761,1.8556623242902734
1762,2.320254528650251
1763,2.9782240888206934
1764,2.203118272395476
1765,1.7608765802279849
1766,1.871262129161209
1767,2.4124492533127406
1768,2.0368680296489923
1769,1.9572940069273015
1770,1.8943576951316938
1771,1.8968585106368892
1772,2.716216504438968
1773,1.9758645028625401
1774,2.0117100126278746
1775,1.8200069656521358
1776,1.868099268132875
1777,2.1224382995462197
1778,1.8527958363836925
1779,2.209297024058931
1780,1.9252279064655222
1781,1.9388958266345282
1782,1.8714045123010963
1783,1.8552148002444828
1784,1.8433809476510348
1785,1.975606064433956
1786,1.6484376776834062
1787,1.6875506012192312
1788,1.9330691404827305
1789,2.2461207479410072
1790,2.8681636686976275
1791,1.94408859547495
1792,1.931408495023314
1793,1.9936624045047244
1794,1.8935059176521896
1795,2.120132701533009
1796,2.0910565672806745
1797,1.9088878652131942
1798,1.9810284564996625
1799,1.913724989717558
1800,1.9315617054242895
1801,1.9777546684625373
1802,2.1629899763096465
1803,1.9598281387929433
1804,1.8654267976331824
1805,1.9023635633308817
1806,2.105220251683629
1807,1.9858960309293017
1808,2.019447578055661
1809,5.006013266845303
1810,2.1763386510448632
1811,4.761704369371543
1812,2.222602863880708
1813,1.9664126126367596
1814,2.2297107086008685
1815,1.860976941649486
1816,1.847404228098423
1817,2.032047328986452
1818,1.9121717352739602
1819,1.8691755048477607
1820,1.844826709333264
1821,1.880202567414993
1822,1.8505992599819305
1823,2.462305690416284
1824,2.067642766834413
1825,1.867564582952308
1826,1.9350817365873276
1827,2.0696484407114313
1828,2.4672531449088595
1829,2.161785712763064
1830,1.87566235561741
1831,1.956925332632808
1832,1.945814506037923
1833,2.242346035456806
1834,1.8976513732857931
1835,4.319702623327613
1836,1.9407751020547492
1837,1.8747762606951175
1838,2.3099746959364285
1839,2.4682481401112604
1840,1.894390586671088
1841,1.8946941686445222
1842,1.9742699815731308
1843,2.080959489344312
1844,1.8465038736766295
1845,1.8906933792060168
1846,2.3061561293083432
1847,2.2236124042836556
1848,1.9766245021788804
1849,1.7316147365582324
1850,1.869898656708802
1851,2.3530178762297904
1852,1.8841101351627783
1853,2.0277466234664634
1854,2.0645558821894405
1855,1.9102285250846869
1856,1.9519791149484977
1857,1.955723080686159
1858,2.087078149794192
1859,1.8355616824538983
1860,1.994501695884868
1861,2.0775721803742306
1862,1.8666905199742148
1863,2.5375520942181176
1864,1.935244570217259
1865,1.6430911816557598
1866,2.0775449330570233
1867,2.6805133894733486
1868,1.9256943422328052
1869,2.086174608987042
1870,1.9305067180823696
1871,2.054997097410449
1872,2.187862382462806
1873,2.411207244608004
1874,1.854306549222088
1875,1.8610977950765055
1876,1.6633469343778255
1877,1.8699643364243186
1878,1.8714399737414324
1879,1.9081907685657358
1880,2.208708567772803
1881,1.8725427030167388
1882,2.2579763076444133
1883,1.9610292969786687
1884,1.9650624181375922
1885,1.8605844386386092
1886,2.03047900140663
1887,1.9248007112433378
1888,2.133800011706011
1889,2.358203471196839
1890,2.237952166600583
1891,1.9156081338679938
1892,2.5020836024837103
1893,1.8882535380751149
1894,1.8535003952107587
1895,1.9090877612269077
1896,1.967710549095497
1897,2.0806110872776844
1898,2.039939146184823
1899,1.972306850641108
1900,1.8807890001363965
1901,2.206288998822261
1902,1.9280469384564762
1903,2.139842627024818
1904,2.4357682898715445
1905,2.076857092812883
1906,2.2276891794483666
1907,1.8726380716828679
1908,1.8720631390726337
1909,2.213403830999897
1910,2.2714195331439884
1911,1.8616103808745181
1912,2.3353493915935086
1913,2.1156229886259483
1914,2.1162237125401884
1915,2.0617499806007613
1916,2.0701730763975164
1917,1.9151220903464201
1918,2.0851448571756084
1919,2.1205874999803864
1920,2.1011158776989203
1921,1.8745587682613674
1922,1.8499628526247376
1923,1.8652757736726633
1924,1.8467863747302047
1925,3.6053287666553038
1926,2.237261954947187
1927,1.9375636719441003
1928,2.6268328530525276
1929,1.8920328319272608
1930,1.9415607227060274
1931,2.035667455589813
1932,2.072645763225815
1933,2.3654080168255547
1934,1.9931439545681906
1935,2.027442845417859
1936,1.8667580294394153
1937,2.126335718079102
1938,1.8825901075943956
1939,1.9498332219594554
1940,2.2656533327816444
1941,1.9940964386470266
1942,2.4352698850024357
1943,2.120007947067644
1944,4.863844493928681
1945,2.197770532738058
1946,1.9390758465815277
1947,2.065374488200667
1948,1.8707074222981075
1949,2.006801290105771
1950,2.217905849317726
1951,1.9005647711365794
1952,1.8882049453836005
1953,2.156849671702622
1954,1.8928077452070196
1955,2.2755984477771225
1956,1.9772640168574855
1957,1.9606755361472796
1958,12.899385998505819
1959,3.4239955454678617
1960,2.847905474509811
1961,5.989688770925427
1962,1.99994268236652
1963,1.8828892861989037
1964,1.8319815869446825
1965,1.9370154243359
1966,1.8762348629938943
1967,1.8629151656148517
1968,2.3583890904564293
1969,2.135282053112388
1970,1.946631774460501
1971,1.7215968437881983
1972,1.8694124319390295
1973,1.9372523520280531
1974,1.875212520163628
1975,3.59030744769787
1976,1.9425091519126831
1977,1.9321780037090917
1978,1.8338351753988191
1979,1.8952030900768522
1980,2.042570800058755
1981,1.9554064721664655
1982,1.7761511774049215
1983,5.770113168998845
1984,2.273848480207461
1985,2.0245729573205145
1986,2.134740606382206
1987,3.1021987867588168
1988,1.9754183363110198
1989,1.822241069163939
1990,2.2923388059082384
1991,2.2056118484535463
1992,2.0702659327599564
1993,1.8573443052986809
1994,3.393151894949459
1995,1.939945348628468
1996,2.1129750418913784
1997,2.1198058851114854
1998,1.9667976761220198
1999,3.368134772420115
2000,1.836990750246025
2001,1.9221504510826752
2002,1.8634124674080526
2003,1.935935160465243
2004,2.0821588227000607
2005,1.8524329444605838
2006,1.8961431596540343
2007,2.341644494038172
2008,2.403285626017036
2009,1.8730191531034042
2010,1.995453678147133
2011,2.014800200126463
2012,2.072140772374363
2013,2.156231965543422
2014,1.9123352097200343
2015,2.082440383956582
2016,2.0853068628662195
2017,2.573281718295702
2018,1.8666881455070148
2019,2.2136230930353222
2020,1.8917159707032405
2021,1.8384966853669111
2022,2.028558890670512
2023,1.844513618254668
2024,1.8333871852893904
2025,2.088743747132951
2026,2.200023302188759
2027,1.9262258455620969
2028,2.01183797946306
2029,1.8846506188204013
2030,1.8414410409011344
2031,3.1315510772394854
2032,1.840019122959201
2033,1.8804069296831933
2034,1.8467363566865909
2035,1.8796916710870364
2036,3.342059067075092
2037,2.046142787869101
2038,2.332884530279135
2039,2.5867232213148093
2040,2.064669056084747
2041,1.8501674250420295
2042,1.9138549845969979
2043,1.948763602084572
2044,1.9779193401539943
2045,2.0181350474859694
2046,1.9562372244487376
2047,1.9091834953677078
2048,2.294265021954527
2049,1.9395664672566402
2050,1.918541477569819
2051,1.8867903073426566
2052,2.0524343457133445
2053,1.9301962780265907
2054,1.8910426651237686
2055,2.084305945359331
2056,2.0447713662550915
2057,1.9130717969519475
2058,3.393270891378836
2059,4.006074473172818
2060,1.8458250400073397
2061,1.9244284686965187
2062,2.2540120277562226
2063,2.4087563376779646
2064,2.5903290037900244
2065,2.2471864881826145
2066,2.77996784629471
2067,1.9234823289101453
2068,1.6597261390952842
2069,2.0948805283573493
2070,2.08483681920381
2071,1.9699275861133785
2072,1.9079868867111334
2073,1.951448972823631
2074,1.639069816282742
2075,1.855784883590789
2076,1.902097004538592
2077,2.2132106254467385
2078,2.1513797225807627
2079,2.1002095470761426
2080,3.023672505643919
2081,2.031724907431199
2082,1.880115432878139
2083,3.4522715793738614
2084,1.952675491641476
2085,2.7047126090757954
2086,2.347086602307394
2087,1.7183171534065953
2088,1.8526822643634213
2089,1.9311392291939364
2090,2.2041936469309613
2091,2.1227291237051595
2092,8.282848470861932
2093,2.6363877166723753
2094,1.916683954775946
2095,2.544387437775937
2096,2.0037755407910574
2097,2.4163510520702265
2098,2.004178803274243
2099,2.073813486722324
2100,2.98834116126549
2101,2.9857039612804384
2102,2.2128514611600965
2103,1.9203363791856014
2104,1.9524694983366078
2105,1.9704608194677373
2106,1.9851719429134596
2107,2.1767105452854643
2108,2.5203927018101995
2109,2.188893267021772
2110,2.1498710336286733
2111,2.1318782009119497
2112,1.9812515512336129
2113,2.012909545727778
2114,1.8235441001472483
2115,2.909015957349332
2116,2.8140036855137582
2117,1.8548072143593506
2118,2.0096963584460754
2119,2.270227562978566
2120,2.0366001401134812
2121,1.5079161262360206
2122,1.859409893491533
2123,1.9412043575541666
2124,2.1172511805812
2125,1.9431108293498114
2126,2.066808837304378
2127,1.9879451129992909
2128,2.3274056107426673
2129,1.950481899360254
2130,2.0907036596565396
2131,1.9353213762038242
2132,2.397614244997148
2133,2.1288810418105615
2134,1.9167774442814038
2135,1.849499283244223
2136,3.422508601342402
2137,1.8987822626142528
2138,1.9810958919896406
2139,1.9632604102079627
2140,1.839480519934914
2141,2.708982801006509
2142,2.1154567667010946
2143,1.9083358242936503
2144,1.8964124950787586
2145,1.8402498315925824
2146,1.9375536585211348
2147,1.8835380473734151
2148,2.088388689114344
2149,1.8538430448050824
2150,2.0189944274612532
2151,3.0291069656913194
2152,1.9324880299821803
2153,1.7906256987032108
2154,1.9899210640071052
2155,1.8353267558745774
2156,1.8967584084310007
2157,2.1119190632788065
2158,1.9134021837412782
2159,2.8831905743303454
2160,2.152335761557497
2161,1.8766968574014133
2162,2.069585911164048
2163,1.9190456797262803
2164,2.0446184948638777
2165,2.300627032598293
2166,2.4358894377944216
2167,1.8815824081443888
2168,1.853351058769361
2169,1.9226948564373918
2170,1.869982680027965
2171,2.1426236333145177
2172,1.8381675723181226
2173,1.7692550437351922
2174,2.106512885651189
2175,2.759428201901161
2176,2.35890792500871
2177,2.1497326587963763
2178,1.9277416069072233
2179,2.3605872187908643
2180,2.023660474227661
2181,1.9172868216185983
2182,2.355728581057053
2183,2.338370033387892
2184,1.989823964333536
2185,1.9487180326710083
2186,1.8471284627536366
2187,1.967485117743663
2188,1.8847240360101212
2189,2.3791370469697544
2190,1.8582432373360975
2191,2.118998033298924
2192,1.875250585373145
2193,1.884427490134002
2194,6.823397324121061
2195,1.8327888283987197
2196,2.2795358848979967
2197,3.0841518850116656
2198,1.9111053386751957
2199,2.1631550079725006
2200,2.3791808253198363
2201,2.186167965117244
2202,1.9180986835681846
2203,1.9430332868007567
2204,2.0437530216426456
2205,1.9654980532186546
2206,1.9265240057695756
2207,15.483373225312251
2208,1.9121190731552984
2209,6.089242939044759
2210,1.8496938685526332
2211,1.9781200192471116
2212,3.3769038779401477
2213,1.9338659650449328
2214,1.8008528493490172
2215,1.9266376962413103
2216,2.5795875044851555
2217,1.9615016320295586
2218,1.9978587347803427
2219,2.0055987761329557
2220,2.960689672799567
2221,1.8477704370852344
2222,1.934459916313561
2223,2.0216333775318436
2224,3.6936997518989236
2225,2.5700278192035353
2226,1.9250668059401597
2227,1.8936394660813463
2228,1.6826152540450647
2229,3.504645231998637
2230,1.9369086187775477
2231,2.677158602162227
2232,1.9116832201258103
2233,2.0832727138797122
2234,1.8881399313183829
2235,1.9865077668600737
2236,4.175804720779167
2237,3.205704387055495
2238,1.872147853041462
2239,2.0612640746687654
2240,1.9741571806163911
2241,2.328238850035513
2242,2.0748173335923425
2243,1.970374583485067
2244,1.9339139210633172
2245,1.8661364877785886
2246,1.9244611844029575
2247,2.033198889479591
2248,2.005915428777238
2249,1.8756582854606705
2250,3.32202922759422
2251,2.0531780816795826
2252,1.931398747725591
2253,1.8437726977418767
2254,2.1876146500965024
2255,2.065988582877285
2256,5.5443644734939825
2257,1.965802043965618
2258,1.9450015493552355
2259,2.1079201662991323
2260,1.7300719454230449
2261,2.9744150760535506
2262,1.8572072452245318
2263,1.9994378074660073
2264,5.100871216241449
2265,1.8969989747656923
2266,1.8262843538126612
2267,2.0361969008680596
2268,1.6081922957514991
2269,1.9794560984304037
2270,2.2834409045005915
2271,1.9000715682778633
2272,2.005390438893834
2273,1.8597853983407724
2274,1.6513563367241968
2275,1.834984428767442
2276,1.8556529783635418
2277,2.094357703398207
2278,1.8847220688577162
2279,1.8650477948975483
2280,1.943882189857232
2281,1.8481646397671323
2282,1.9316280403002968
2283,2.0542077499107894
2284,1.9581790101184313
2285,3.6161843047367666
2286,1.9220856243117248
2287,2.1144287017424244
2288,1.8822380298970454
2289,1.8492281888962174
2290,4.360743327668402
2291,1.9011691334036627
2292,2.179452093518754
2293,4.202850095059441
2294,1.8529080562374856
2295,1.7981843526542343
2296,2.1349133266599103
2297,1.8928785212748862
2298,1.8052526976127896
2299,2.1066833157784948
2300,1.9346819425997395
2301,2.008100221069664
2302,1.8587282799995455
2303,2.1629508870388543
2304,2.2007439521365524
2305,1.888456848080236
2306,1.9351840247196268
2307,1.8629834678110933
2308,2.211531608753757
2309,4.903901746338377
2310,2.7034809650032883
2311,1.7787652765895112
2312,1.8918442097207382
2313,1.9111091587484312
2314,1.8670360902798246
2315,1.9224527367945035
2316,3.314909674734334
2317,1.857395578861206
2318,2.009778059309058
2319,1.8908588069481342
2320,1.913509094435505
2321,1.8686687646592928
2322,1.9956994266112518
2323,1.9956314276461555
2324,1.6991807842862108
2325,2.046841793657593
2326,1.855536175115355
2327,1.9104517129419913
2328,2.2605763893781807
2329,1.8894788557158515
2330,1.8746866443633403
2331,2.130507882910336
2332,3.8310630329434394
2333,2.8955393627759545
2334,2.0926587162650065
2335,2.7367898378810516
2336,1.6320114500750154
2337,1.9250393499683085
2338,2.0575241001578943
2339,1.9139359314537678
2340,2.0853317092870425
2341,1.7793303539004195
2342,2.3318772290998773
2343,1.8516778906868239
2344,1.9998986259554021
2345,1.9062315393447657
2346,2.250969144217345
2347,1.8466774409927051
2348,1.924760726748045
2349,2.119063689265102
2350,2.1338957154692584
2351,2.441071203221041
2352,2.112378238337291
2353,1.954361013454112
2354,1.98802386530482
2355,2.101168393929344
2356,3.346116875127992
2357,2.0667064679254663
2358,2.245727913444539
2359,2.0794192398090585
2360,1.8535792595977565
2361,1.8815143615657586
2362,2.2423353374155237
2363,1.7568787292707893
2364,2.7438016170903445
2365,2.073945985116767
2366,2.1491128062053986
2367,1.9107941731044102
2368,2.1342755336026515
2369,2.297659553653672
2370,2.2004545732388374
2371,2.1245450588896113
2372,2.742285810725346
2373,1.9139707276096098
2374,1.8556502155332772
2375,1.8469903673539494
2376,1.8547303656408247
2377,2.005693650285223
2378,1.9512612299768628
2379,2.694230604971662
2380,2.319413311365638
2381,1.8618212205704716
2382,1.958825778492733
2383,1.9661391006274218
2384,1.8659959451918158
2385,1.6845284110047727
2386,1.8686313117400175
2387,2.3464104756183435
2388,1.9936665770390576
2389,1.8505672312968329
2390,3.0036426023996805
2391,2.233600428764337
2392,1.8523582578440951
2393,1.8710524174612486
2394,4.142192764510064
2395,2.182721917064747
2396,1.8874092513613112
2397,1.8671346715882127
2398,2.417265790972245
2399,1.8903607625023904
2400,13.628557123798899
2401,2.1010301329754855
2402,1.9917510970619123
2403,2.133796144089238
2404,1.8649953720110692
2405,2.01067392098822
2406,1.8726808513834432
2407,2.0091134238893753
2408,2.069275598720303
2409,2.887072781052618
2410,2.1311340512457284
2411,2.006419656815635
2412,1.9629200316015365
2413,1.8942505698105554
2414,2.237194303821035
2415,1.8112172065424037
2416,2.0399900469589616
2417,2.294831840136985
2418,1.85549121158456
2419,2.0551682919430725
2420,2.031011283235759
2421,1.978071658664339
2422,1.9673582690616886
2423,2.0627804788644535
2424,2.0318597101919043
2425,2.1224814820557625
2426,1.8781605735728921
2427,2.1659528221720055
2428,1.9769785818405774
2429,1.9620967135682288
2430,2.0581249773370613
2431,1.9596158447165921
2432,1.9292745596972263
2433,2.0458050093880735
2434,2.108719535966985
2435,1.8700609283578142
2436,2.17196652481356
2437,1.87240600742751
2438,2.0581013456766266
2439,3.6007960519499553
2440,1.8714211530776377
2441,2.1302599341498065
2442,1.8763149300990227
2443,1.9935624825542555
2444,1.8509851251022287
2445,2.749583881843299
2446,1.974447868154599
2447,2.084481052868321
2448,9.612225474499642
2449,1.938382311938911
2450,2.060670328647416
2451,3.1306337622329363
2452,2.504730824935038
2453,1.912407272629113
2454,1.9425397457384133
2455,1.957495941790162
2456,1.835714567697707
2457,1.8784434799698562
2458,1.8447894956063209
2459,2.192515687748614
2460,2.0461079337967956
2461,2.040654674758197
2462,1.9927070821233195
2463,1.8971387648805822
2464,2.18543376898842
2465,1.8853599054087824
2466,2.2260030478262003
2467,2.019762013226471
2468,1.6704738611964167
2469,2.2502693515737997
2470,2.1091729324450785
2471,2.2772789361535093
2472,2.2141572705220303
2473,1.8636746426684212
2474,2.0440782957614885
2475,1.8771501204049268
2476,1.7554039182765835
2477,1.997586018967339
2478,1.8557576272193708
2479,1.928780013054028
2480,1.9756406111153046
2481,1.9421901938388195
2482,2.0981709856530815
2483,6.317422022671391
2484,1.9790345562376543
2485,1.9030828927122396
2486,1.920316792053237
2487,1.9981199391035895
2488,1.996703532720341
2489,1.8625392638311427
2490,2.33447602332053
2491,1.9619826363614759
2492,2.0059806370328506
2493,1.8464952369761822
2494,1.8545183460223567
2495,2.0216913672218584
2496,1.9873168853878806
2497,2.0284154571271356
2498,1.9615959157525706
2499,1.6335379959765453
2500,1.8842577604690494
2501,1.8420072674401795
2502,1.9644111131038358
2503,1.8822279404712612
2504,1.9049158782005047
2505,2.0551458509306553
2506,1.9162662960847494
2507,4.834880913002353
2508,1.9203064586657626
2509,1.8770188609665772
2510,1.9351461270216563
2511,1.8954938740505354
2512,2.1415094144344766
2513,1.9546531487626488
2514,1.8983523824881656
2515,1.942744661638895
2516,2.617881463392129
2517,1.8849375243001134
2518,1.9110187038695403
2519,2.952940319950826
2520,1.8711651516924026
2521,1.9441194074605908
2522,1.849815872475917
2523,1.8400689151265617
2524,1.8345831706396662
2525,1.9474082765215321
2526,1.7638058309005098
2527,1.9799361946328544
2528,1.8901693445580279
2529,2.0843746317742835
2530,1.9248415701306216
2531,1.8529218425477207
2532,1.8610184128100427
2533,1.913841340181334
2534,2.007095100317125
2535,1.8528282752215703
2536,2.2173875217350973
2537,1.9810859800124194
2538,1.9351642268366502
2539,2.1354593372376067
2540,2.0985234657693628
2541,1.8770355699768086
2542,1.85536993147275
2543,2.109353118971298
2544,2.236494361944017
2545,1.8533063975221393
2546,2.0244641921726094
2547,2.5950631965621325
2548,1.9935031562319
2549,1.9202703596784327
2550,1.966462867951703
2551,2.0610764360271285
2552,1.9692044014028425
2553,2.136246328745768
2554,1.8344766579509515
2555,2.1882561624088956
2556,1.933482410970174
2557,2.252765014389722
2558,2.9972809190427023
2559,2.7257986468577404
2560,2.296265485288436
2561,1.913761008240714
2562,2.0664835109420303
2563,1.9804091073991397
2564,2.0782463693773234
2565,1.8975464568662377
2566,1.858669220594909
2567,1.9613192572609015
2568,1.9641992699993858
2569,2.0610086741241687
2570,1.9408734303024349
2571,2.1185408764049085
2572,2.230475631638065
2573,2.2460579462969212
2574,2.0099578417480535
2575,2.0047439025500084
2576,1.9560483206665906
2577,1.8733492416180946
2578,1.9229380860267309
2579,1.8397260821600874
2580,2.136674283616379
2581,2.003872567277849
2582,2.2083401034740557
2583,1.8986617545412492
2584,2.035297920240071
2585,1.7697211468385503
2586,1.9870745234186336
2587,2.0058179718531868
2588,2.0018790383274876
2589,1.8540220749149654
2590,1.860792003235212
2591,2.1476054928717785
2592,1.979091789304117
2593,1.8527146279810924
2594,1.8777164695287807
2595,1.9859033079003248
2596,1.969657441574375
2597,1.8870944484805303
2598,1.8571450913770229
2599,2.1029353500123067
2600,2.1501651563493582
2601,2.483658649318961
2602,1.9801176163023024
2603,1.8758047737113355
2604,2.71136184365876
2605,2.2647874308073033
2606,1.8576378684557682
2607,2.058936408696816
2608,1.953310916799359
2609,1.9779553547703408
2610,2.9830157831895057
2611,1.9703372291924706
2612,2.8026379771163845
2613,2.328591706861231
2614,2.1358987368788163
2615,2.0310905868823745
2616,1.9279185209593792
2617,1.8576342441218663
2618,2.075465857765109
2619,1.8572635069830055
2620,2.2505849002414418
2621,2.050978372100826
2622,1.9162789512054281
2623,1.9833837877511766
2624,4.859855904397443
2625,2.233922428675464
2626,1.9468718376158276
2627,1.9501140864096032
2628,3.2608155279526723
2629,2.956038005298523
2630,2.1431310041012344
2631,1.958290894755184
2632,3.589311117700558
2633,2.3051937624771326
2634,1.930731236708465
2635,1.9406456960817766
2636,1.8545099980717685
2637,2.20162258560032
2638,1.874818079462964
2639,2.004053132783917
2640,3.6338384653175164
2641,1.9232629553132385
2642,1.8780025597316987
2643,2.085427058439468
2644,1.760861124102709
2645,2.292180619152798
2646,1.876694454548474
2647,2.236035942579686
2648,1.9405666491580842
2649,2.286502352928131
2650,2.0247339172160617
2651,1.673863162962428
2652,1.9618375797291714
2653,2.9551437158446903
2654,1.9340871036291354
2655,1.849982780679384
2656,2.05431078255938
2657,1.9121190598732032
2658,2.1883653887315875
2659,1.8387650557832798
2660,2.198518274780984
2661,1.93736700095156
2662,3.8169687533602312
2663,2.079794613782945
2664,1.8538965564690395
2665,2.052774946692809
2666,1.9244096191759628
2667,3.0951154832090895
2668,1.8750029526756875
2669,2.5008714047075054
2670,1.8999235077724999
2671,1.9651324855228829
2672,1.8776746860810378
2673,2.4017676530190437
2674,1.8309160747280475
2675,1.9679573450702008
2676,2.0791319634884373
2677,1.8577552209923238
2678,2.258313369505205
2679,2.0587825516830254
2680,2.058444547529025
2681,1.9142552035909843
2682,2.8100870506943103
2683,2.055600691174015
2684,2.4740141795843855
2685,1.9127716485113089
2686,2.276181003268729
2687,2.7755281292950444
2688,1.7272811495604365
2689,1.8091489039142532
2690,2.035075376756362
2691,1.9947616974989346
2692,1.8645272929710506
2693,1.9434954863524547
2694,1.9575952138296024
2695,2.015017755789862
2696,1.8959561060569294
2697,1.8471660923208808
2698,2.994789350301877
2699,2.098415080170829
2700,1.955066422096169
2701,1.9474133327221768
2702,1.9095890469904604
2703,1.836564296327793
2704,2.3396856013873997
2705,2.034919807798862
2706,1.8735117735087
2707,1.892048299260532
2708,3.1000507348744435
2709,2.0255027114480066
2710,1.950528502172843
2711,1.9544903097626403
2712,2.044310473733842
2713,1.8671958243731028
2714,1.8464888501295742
2715,2.0652954712202756
2716,1.8777595016400777
2717,1.8693569943171147
2718,2.1656003836236524
2719,2.2209296884423093
2720,2.131998259590464
2721,2.2651715717029695
2722,2.1335623612833143
2723,2.1524747631829597
2724,2.034475565967437
2725,1.9589516124353348
2726,2.2928879437263063
2727,1.9319367694538103
2728,2.0097785193607653
2729,1.9301488107366582
2730,2.074287590633476
2731,1.7153694700323965
2732,1.874799023108452
2733,1.9081050639150323
2734,2.02582612685435
2735,2.6183705000307764
2736,1.9123465244736766
2737,1.8720571159974093
2738,4.3357738063811135
2739,1.998778600775529
2740,2.1030816984795297
2741,1.8749792939230947
2742,1.9116840107243003
2743,1.9333288348356992
2744,2.1117868958437307
2745,3.0847851151564334
2746,1.9395809938762607
2747,1.9071367986845553
2748,1.9674918487190984
2749,1.880943785919066
2750,2.166675705146935
2751,3.760239551925802
2752,1.9901191599889403
2753,2.0128265616932395
2754,2.9894008429139354
2755,2.4072229674884618
2756,1.8538923398669862
2757,1.8791163379309674
2758,2.071827717638663
2759,2.0138212623507
2760,1.9679758637056028
2761,2.168990286523095
2762,2.0093146814475498
2763,2.082454641221859
2764,1.755548064136612
2765,2.008492284178081
2766,2.0040379296796402
2767,2.0752222404865552
2768,2.253409828422019
2769,1.731995448875572
2770,1.950435754040641
2771,2.000483328356882
2772,1.8628259660184268
2773,1.9633649572362306
2774,2.478278036862388
2775,2.059094109724888
2776,1.8913359952667785
2777,1.8568636241429708
2778,2.2601414857544224
2779,1.9338046879966506
2780,1.996388245024964
2781,1.8530377546494756
2782,3.143122069577113
2783,1.8808057057992906
2784,2.1166139520699443
2785,2.1300301870413767
2786,2.178043721562845
2787,1.9799716571295107
2788,1.8832810298071605
2789,1.8540892165907858
2790,1.9071964187633292
2791,2.0202617476441618
2792,1.912740847680468
2793,1.8491385196976584
2794,1.9949891995711835
2795,1.8964585203457616
2796,1.994447266454172
2797,1.8797593327337039
2798,1.9630354273070671
2799,2.2468224639159344
2800,1.697899069936995
2801,2.136859291531569
2802,2.032473172541602
2803,2.0157908864361427
2804,14.034673899108054
2805,2.134005518295578
2806,1.9838328175075435
2807,1.9219429730787487
2808,3.5191664229477313
2809,1.9185565465942238
2810,2.232618868952332
2811,1.7705738433418747
2812,1.8350427723829255
2813,2.018236765338319
2814,2.597050208681827
2815,1.9732698488401175
2816,2.2024965932023557
2817,1.8785920070398539
2818,2.146822275095728
2819,2.3296013888582574
2820,1.9209931830306903
2821,1.826617459457469
2822,1.9324135945853609
2823,2.938986435421049
2824,2.028241348517022
2825,1.9939748518470444
2826,2.1216828828759136
2827,1.8862873659216137
2828,1.9165136295677732
2829,1.972822630564592
2830,1.9798364468505905
2831,2.1145640241092543
2832,1.8854587877257813
2833,2.1311295070499963
2834,2.109016479067899
2835,1.8754560397727809
2836,1.9113247780672593
2837,2.410700523588156
2838,1.8581790232800417
2839,2.012434629213077
2840,1.9939924500632413
2841,2.311388826875177
2842,2.362491631833607
2843,1.8776812137003498
2844,1.8714514971423255
2845,1.8789695348352318
2846,1.880603075790044
2847,1.9025367172787024
2848,1.9219200468634212
2849,1.9128523348229711
2850,1.9152657927894783
2851,1.8634614241519347
2852,1.8980195181607749
2853,4.929088164536978
2854,2.161559511594712
2855,2.08128485740482
2856,2.200941459299801
2857,1.9450408151223657
2858,2.523192073042731
2859,1.9384138200912358
2860,2.0152147384232992
2861,1.9047960120863108
2862,2.456881784785768
2863,1.9034852387786434
2864,1.9203350976021758
2865,2.3461845255496843
2866,1.907780290357945
2867,1.8748462199036435
2868,2.0797384319909784
2869,3.980707209664823
2870,3.6587726660124127
2871,2.028068495361087
2872,1.8963655798681565
2873,1.9031203602912226
2874,1.9613832918738319
2875,2.313105626659368
2876,1.885882567939361
2877,1.9849592060850365
2878,1.9127643832037138
2879,1.855124161253677
2880,2.287973338258951
2881,2.1159864097117023
2882,1.702579245838245
2883,3.543662331548059
2884,2.02115550389997
2885,2.072626504233453
2886,2.747096837669764
2887,2.0358316781383086
2888,2.7477985557919777
2889,1.8857325572071222
2890,2.0107359782415575
2891,1.857495271202414
2892,1.9453568848683396
2893,1.9008531311274144
2894,1.8477061515731095
2895,1.9472912309243284
2896,1.8677573143711286
2897,1.8995948077114453
2898,2.107748069879773
2899,1.8503667821317729
2900,2.003429553222119
2901,1.9470710853153572
2902,1.9851483619965138
2903,1.8447040656892755
2904,2.2341315119786156
2905,1.891645519274653
2906,2.0730291371357885
2907,1.8216432750923341
2908,1.912050752613928
2909,1.8325085344369625
2910,1.8814355916230858
2911,1.9150363612682244
2912,1.9881642391960495
2913,1.9934557811005145
2914,1.9549020607296788
2915,1.888435328420611
2916,1.876202732221306
2917,2.1029182971956635
2918,2.0667786431021353
2919,2.0752525041462926
2920,1.935706091566375
2921,1.7706237936616358
2922,1.872985418777016
2923,1.8628009986512684
2924,2.133860639359559
2925,2.0692957359084354
2926,1.8907222607829732
2927,2.14507736078657
